n_agents,p_rewiring,uncertainty,n_experiments,rewiring_type,mean_degree,true_consensus,true_consensus_alternative_stop,choice_consensus,convergence_step,agent_type
8482,0.7469191583122,0.002083484353811,442,randomize,51.93279886819146,1.0,False,1.0,200,bayes
8482,0.06245307757942398,0.009667678777058705,140,randomize,51.94671068144306,0.9903324687573686,0.9903324687573686,0.9903324687573686,181,bayes
8482,0.2931034419553873,0.0069407288726227746,779,randomize,51.921952369724124,1.0,1.0,1.0,51,bayes
