n_agents,p_rewiring,densify_valence,rewiring_type,uncertainty,n_experiments,mean_degree,true_consensus,convergence_step,agent_type
3519,0.40886547648023885,False,density,0.018377657729543122,9165,2.5615231599886332,0.5399261153736857,3,bayes
3519,0.579595347043197,True,density,0.02054835424498268,3328,4079.903381642512,1.0,2,bayes
