n_agents,p_rewiring,uncertainty,n_experiments,rewiring_type,mean_degree,true_consensus,convergence_step,agent_type
3519,0.213619823946861,0.0085627323018288,596,randomize,4.346689400397841,0.4305200341005967,200,beta
3519,0.47349448509862746,0.019999880667391865,9618,randomize,4.346121057118499,0.7999431656720659,200,beta
