n_agents,p_rewiring,uncertainty,n_experiments,rewiring_type,mean_degree,true_consensus,convergence_step,agent_type
133403,0.0138827624206853,0.0022638709009762,6239,randomize,11.769645360299243,0.3522634423513714,22,beta
133403,0.8777158563812284,0.009659452741859652,2799,randomize,11.769600383799466,0.9970690314310773,18,beta
