n_agents,p_rewiring,densify_valence,rewiring_type,uncertainty,n_experiments,mean_degree,true_consensus,convergence_step,agent_type
3519,0.6155408144016257,False,density,0.01908808248674055,5452,1.666950838306337,0.5447570332480819,15,beta
3519,0.9433944736308773,True,density,0.010472228522617994,895,6638.0352372833195,1.0,2,beta
