n_agents,p_rewiring,densify_valence,rewiring_type,uncertainty,n_experiments,mean_degree,true_consensus,convergence_step,agent_type
3519,0.03539635628369331,False,density,0.01731905449260842,5377,4.208013640238704,0.5370843989769821,17,beta
3519,0.23201201916371827,True,density,0.0014743123213453605,4745,1635.7919863597613,1.0,2,beta
