n_agents,p_rewiring,densify_valence,rewiring_type,uncertainty,n_experiments,mean_degree,true_consensus,convergence_step,agent_type
3519,0.6737006875475678,False,density,0.021331179156462876,3952,1.4435919295254334,0.5427678317703893,19,beta
3519,0.06936648129851275,False,density,0.005187345262109754,9314,4.035237283319125,0.4512645637965331,13,beta
3519,0.07154653756041185,False,density,0.010722065344750852,3276,4.05456095481671,0.4737141233304916,18,beta
3519,0.8673949662483972,True,density,0.016066666875650313,2946,6103.632281898266,1.0,2,beta
3519,0.624066081792585,True,density,0.017911984189727365,9425,4392.609832338732,1.0,2,beta
3519,0.408398106051168,True,density,0.0016336474056955794,1330,2876.0909349246945,1.0,2,beta
