n_agents,ba_degree,er_prob,p_rewiring,uncertainty,n_experiments,rewiring_type,mean_degree,true_consensus,true_consensus_alternative_stop,choice_consensus,convergence_step,agent_type
94,6,0.2809932235715395,0.5273719168570296,0.0067139604109337,243,hierarchical,53.42553191489362,1.0,False,1.0,200,beta
27,2,0.0275998487168029,0.6956735168477668,0.0085949983784722,186,randomize,3.703703703703704,0.925925925925926,False,0.925925925925926,200,beta
351,10,0.0668492286312865,0.372562686154761,0.0035188287924272,774,hierarchical,46.61538461538461,1.0,False,1.0,200,beta
304,10,0.1259191978155184,0.3602744937728106,0.0080772744553755,748,randomize,19.019736842105264,1.0,False,1.0,200,beta
90,7,0.11667892048074269,0.2824194599037235,0.002848491875129663,44,hierarchical,20.77777777777778,0.8444444444444444,False,0.8222222222222222,200,beta
261,1,0.25144233109466063,0.076669270399088,0.0041003129531042475,607,randomize,1.9846743295019158,0.9578544061302682,False,0.9578544061302682,200,beta
