n_agents,ba_degree,er_prob,p_rewiring,uncertainty,n_experiments,rewiring_type,mean_degree,true_consensus,true_consensus_alternative_stop,choice_consensus,convergence_step,agent_type
42,2,0.1238922572254494,0.9218271409438986,0.0011165690815656,602,hierarchical,4.346689400397841,0.0701903949985791,False,0.0704745666382495,200,beta
249,3,0.1519354524669908,0.7825998962702312,0.0021129084408086,843,randomize,4.345552713839159,0.7516339869281046,False,0.7516339869281046,200,beta
31,1,0.2982731521445944,0.10207362395908737,0.007031661743072917,885,hierarchical,4.346689400397841,0.2946859903381642,False,0.2946859903381642,200,beta
161,2,0.23678298404015463,0.7708655761961417,0.004057165720971683,356,randomize,4.346121057118499,0.7686842853083262,False,0.7684001136686559,200,beta
